{
  "_max_size": 2560,
  "do_normalize": true,
  "do_rescale": true,
  "do_resize": true,
  "ignore_index": 255,
  "image_mean": [
    0.48500001430511475,
    0.4560000002384186,
    0.4059999883174896
  ],
  "image_processor_type": "Mask2FormerImageProcessor",
  "image_std": [
    0.2290000021457672,
    0.2239999920129776,
    0.22499999403953552
  ],
  "num_labels": 71,
  "reduce_labels": false,
  "resample": 2,
  "rescale_factor": 0.00392156862745098,
  "size": {
    "height":384,
    "width":384
  },
  "size_divisor": 32
}
